Azuay;Chordeleg;Chordeleg
Azuay;Chordeleg;La Unión - Chordeleg
Azuay;Chordeleg;Luis Galarza Orellana
Azuay;Chordeleg;Principal
Azuay;Chordeleg;San Martín de Puzhio
Azuay;Cuenca;Baños - Cuenca
Azuay;Cuenca;Bellavista - Cuenca
Azuay;Cuenca;Cañaribamba
Azuay;Cuenca;Chaucha
Azuay;Cuenca;Checa - Cuenca
Azuay;Cuenca;Chiquintad
Azuay;Cuenca;Cumbe - Cuenca
Azuay;Cuenca;El Batán
Azuay;Cuenca;El Sagrario - Cuenca
Azuay;Cuenca;El Vecino
Azuay;Cuenca;Gil Ramírez Dávalos
Azuay;Cuenca;Hermano Miguel
Azuay;Cuenca;Huaynacápac
Azuay;Cuenca;Llacao
Azuay;Cuenca;Machángara
Azuay;Cuenca;Molleturo
Azuay;Cuenca;Monay
Azuay;Cuenca;Nulti
Azuay;Cuenca;Octavio Cordero
Azuay;Cuenca;Paccha
Azuay;Cuenca;Quingeo
Azuay;Cuenca;Ricaurte - Cuenca
Azuay;Cuenca;San Blas - Cuenca
Azuay;Cuenca;San Joaquín
Azuay;Cuenca;San Sebastián - Cuenca
Azuay;Cuenca;Santa Ana - Cuenca
Azuay;Cuenca;Sayausí
Azuay;Cuenca;Sidcay
Azuay;Cuenca;Sinincay
Azuay;Cuenca;Sucre - Cuenca
Azuay;Cuenca;Tarqui - Cuenca
Azuay;Cuenca;Totoracocha
Azuay;Cuenca;Turi
Azuay;Cuenca;Valle - Cuenca
Azuay;Cuenca;Victoria del Portete
Azuay;Cuenca;Yanuncay
Azuay;El Pan;El Pan
Azuay;El Pan;San Vicente - El Pan
Azuay;Girón;Asunción - Girón
Azuay;Girón;San Gerardo
Azuay;Guachapala;Guachapala
Azuay;Gualaceo;Daniel Córdova
Azuay;Gualaceo;Gualaceo
Azuay;Gualaceo;Jadán
Azuay;Gualaceo;Luis Cordero
Azuay;Gualaceo;Mariano Moreno
Azuay;Gualaceo;Remigio Crespo Toral
Azuay;Gualaceo;San Juan - Gualaceo
Azuay;Gualaceo;Simón Bolívar - Gualaceo
Azuay;Gualaceo;Zhidmad
Azuay;Nabón;Cochapata
Azuay;Nabón;El Progreso - Nabón
Azuay;Nabón;Las Nieves
Azuay;Nabón;Nabón
Azuay;Oña;San Felipe de Oña
Azuay;Oña;Susudel
Azuay;Paute;Bulán
Azuay;Paute;Chicán
Azuay;Paute;Dugdug
Azuay;Paute;El Cabo
Azuay;Paute;Guarainag
Azuay;Paute;Paute
Azuay;Paute;San Cristóbal - Paute
Azuay;Paute;Tomebamba
Azuay;Camilo Ponce Enríquez;Pijilí
Azuay;Camilo Ponce Enríquez;Camilo Ponce Enríquez
Azuay;Pucará;Pucará
Azuay;Pucará;San Rafael de Sharug
Azuay;Sígsig;Cuchil
Azuay;Sígsig;Guel
Azuay;Sígsig;Jima
Azuay;Sígsig;Ludo
Azuay;Sígsig;Sígsig
Azuay;Sígsig;San Bartolomé
Azuay;Sígsig;San José de Raranga
Azuay;San Fernando;Chumblín
Azuay;San Fernando;San Fernando - San Fernando
Azuay;Santa Isabel;Abdón Calderón - Santa Isabel
Azuay;Santa Isabel;Santa Isabel
Azuay;Santa Isabel;Shaglli
Azuay;Sevilla de Oro;Amaluza - Sevilla de Oro
Azuay;Sevilla de Oro;Palmas
Azuay;Sevilla de Oro;Sevilla de Oro
Bolívar;Caluma;Caluma
Bolívar;Chillanes;Chillanes
Bolívar;Chillanes;San José del Tambo
Bolívar;Chimbo;Asunción - Chimbo
Bolívar;Chimbo;Magdalena (Chapacoto)
Bolívar;Chimbo;San José de Chimbo
Bolívar;Chimbo;San Sebastián - Chimbo
Bolívar;Chimbo;Telimbela
Bolívar;Echéandia;Echeandía
Bolívar;Guaranda;Ángel Polibio Chávez
Bolívar;Guaranda;Facundo Vela
Bolívar;Guaranda;Guanujo
Bolívar;Guaranda;Ignacio Veintimilla
Bolívar;Guaranda;Julio E. Moreno
Bolívar;Guaranda;Salinas - Guaranda
Bolívar;Guaranda;San Lorenzo - Guaranda
Bolívar;Guaranda;San Luis de Pambil
Bolívar;Guaranda;San Simón
Bolívar;Guaranda;Santa Fe
Bolívar;Guaranda;Simiátug
Bolívar;Las Naves;Las Mercedes
Bolívar;Las Naves;Las Naves
Bolívar;San Miguel;Balsapamba
Bolívar;San Miguel;Bilován
Bolívar;San Miguel;Régulo de Mora
Bolívar;San Miguel;San Miguel - San Miguel
Bolívar;San Miguel;San Pablo de Atenas
Bolívar;San Miguel;San Vicente - San Miguel
Bolívar;San Miguel;Santiago - San Miguel
Cañar;Azogues;Aurelio Bayas
Cañar;Azogues;Azogues
Cañar;Azogues;Borrero
Cañar;Azogues;Cojitambo
Cañar;Azogues;Guapán
Cañar;Azogues;Javier Loyola
Cañar;Azogues;Luis Cordero
Cañar;Azogues;Pindilig
Cañar;Azogues;Rivera
Cañar;Azogues;San Francisco - Azogues
Cañar;Azogues;San Miguel - Azogues
Cañar;Azogues;Taday
Cañar;Biblián;Biblián
Cañar;Biblián;Jerusalén
Cañar;Biblián;Nazón
Cañar;Biblián;San Francisco de Sageo
Cañar;Biblián;Turupamba
Cañar;Cañar;Cañar
Cañar;Cañar;Chontamarca
Cañar;Cañar;Chorocopte
Cañar;Cañar;Ducur
Cañar;Cañar;General Morales
Cañar;Cañar;Gualleturo
Cañar;Cañar;Honorato Vásquez - Cañar
Cañar;Cañar;Ingapirca
Cañar;Cañar;Juncal
Cañar;Cañar;San Antonio - Cañar
Cañar;Cañar;Ventura
Cañar;Cañar;Zhud
Cañar;Déleg;Déleg
Cañar;Déleg;Solano
Cañar;El Tambo;El Tambo
Cañar;La Troncal;La Troncal
Cañar;La Troncal;Manuel J. Calle
Cañar;La Troncal;Pancho Negro
Cañar;Suscal;Suscal
Carchi;Bolívar - Carchi;Bolívar - Bolívar, Carchi
Carchi;Bolívar - Carchi;García Moreno - Bolívar
Carchi;Bolívar - Carchi;Los Andes - Bolívar
Carchi;Bolívar - Carchi;Monte Olivo
Carchi;Bolívar - Carchi;San Rafael - Bolívar
Carchi;Bolívar - Carchi;San Vicente de Pusir
Carchi;Espejo;27 de Septiembre
Carchi;Espejo;El Angel
Carchi;Espejo;El Goaltal
Carchi;Espejo;La Libertad - Espejo
Carchi;Espejo;San Isidro - Espejo
Carchi;San Pedro de Huaca;Huaca
Carchi;San Pedro de Huaca;Mariscal Sucre - Huaca
Carchi;Mira;Jijón y Caamaño
Carchi;Mira;La Concepción - Mira
Carchi;Mira;La Concepción - Mira
Carchi;Mira;Mira
Carchi;Montúfar;Chitán de Navarrete
Carchi;Montúfar;Cristóbal Colón
Carchi;Montúfar;Fernández Salvador
Carchi;Montúfar;González Suárez - Montúfar
Carchi;Montúfar;La Paz - Montúfar
Carchi;Montúfar;Piartal
Carchi;Montúfar;San Gabriel
Carchi;Montúfar;San José - Montúfar
Carchi;Tulcán;El Carmelo
Carchi;Tulcán;El Chical
Carchi;Tulcán;González Suárez - Tulcán
Carchi;Tulcán;Julio Andrade
Carchi;Tulcán;Maldonado
Carchi;Tulcán;Pioter
Carchi;Tulcán;Santa Martha de Cuba
Carchi;Tulcán;Tobar Donoso
Carchi;Tulcán;Tufiño
Carchi;Tulcán;Tulcán
Carchi;Tulcán;Urbina - Tulcán
Chimborazo;Alausí;Achupallas
Chimborazo;Alausí;Alausí
Chimborazo;Alausí;Guasuntos
Chimborazo;Alausí;Huigra
Chimborazo;Alausí;Multitud
Chimborazo;Alausí;Pistishí
Chimborazo;Alausí;Pumallacta
Chimborazo;Alausí;Sevilla - Alausí
Chimborazo;Alausí;Sibambe
Chimborazo;Alausí;Tixán
Chimborazo;Chambo;Chambo
Chimborazo;Chunchi;Capzol
Chimborazo;Chunchi;Chunchi
Chimborazo;Chunchi;Compud
Chimborazo;Chunchi;Gonzol
Chimborazo;Chunchi;Llagos
Chimborazo;Colta;Cañi
Chimborazo;Colta;Columbe
Chimborazo;Colta;Juan de Velasco
Chimborazo;Colta;Santiago de Quito
Chimborazo;Colta;Sicalpa
Chimborazo;Colta;Villa la Unión
Chimborazo;Cumandá;Cumandá - Cumandá
Chimborazo;Guamote;Cebadas
Chimborazo;Guamote;Guamote
Chimborazo;Guamote;Palmira
Chimborazo;Guano;El Rosario - Guano
Chimborazo;Guano;Guanando
Chimborazo;Guano;Ilapo
Chimborazo;Guano;La Matriz - Guano
Chimborazo;Guano;La Providencia - Guano
Chimborazo;Guano;San Andrés - Guano
Chimborazo;Guano;San Gerardo de Pacaicaguán
Chimborazo;Guano;San Isidro de Patulú
Chimborazo;Guano;San José del Chazo
Chimborazo;Guano;Santa Fe de Galán
Chimborazo;Guano;Valparaiso
Chimborazo;Pallatanga;Pallatanga
Chimborazo;Penipe;Bilbao
Chimborazo;Penipe;El Altar
Chimborazo;Penipe;La Candelaria
Chimborazo;Penipe;Matus
Chimborazo;Penipe;Penipe
Chimborazo;Penipe;Puela
Chimborazo;Penipe;San Antonio de Bayushig
Chimborazo;Riobamba;Cacha
Chimborazo;Riobamba;Calpi
Chimborazo;Riobamba;Cubijíes
Chimborazo;Riobamba;Flores
Chimborazo;Riobamba;Licán
Chimborazo;Riobamba;Licto
Chimborazo;Riobamba;Lizarzaburu
Chimborazo;Riobamba;Maldonado - Riobamba
Chimborazo;Riobamba;Punín
Chimborazo;Riobamba;Pungalá
Chimborazo;Riobamba;Quimiag
Chimborazo;Riobamba;San Juan - Riobamba
Chimborazo;Riobamba;San Luis - Riobamba
Chimborazo;Riobamba;Velasco
Chimborazo;Riobamba;Veloz
Chimborazo;Riobamba;Yaruquíes
Cotopaxi;La Maná;El Carmen - La Maná
Cotopaxi;La Maná;El Triunfo - La Maná
Cotopaxi;La Maná;Guasaganda
Cotopaxi;La Maná;La Maná
Cotopaxi;La Maná;Pucayacu
Cotopaxi;Latacunga;11 de Noviembre (Ilinchisi)
Cotopaxi;Latacunga;Alaques
Cotopaxi;Latacunga;Belisario Quevedo (Guanailín)
Cotopaxi;Latacunga;Eloy Alfaro - Latacunga
Cotopaxi;Latacunga;Guaytacama
Cotopaxi;Latacunga;Ignacio Flores
Cotopaxi;Latacunga;Joseguango Bajo
Cotopaxi;Latacunga;Juan Montalvo - Latacunga
Cotopaxi;Latacunga;La Matriz - Latacunga
Cotopaxi;Latacunga;Mulaló
Cotopaxi;Latacunga;Poaló - Latacunga
Cotopaxi;Latacunga;San Buenaventura
Cotopaxi;Latacunga;San Juan de Pastocalle
Cotopaxi;Latacunga;Tanicuchí
Cotopaxi;Latacunga;Toacaso
Cotopaxi;Pangua;El Corazón
Cotopaxi;Pangua;Moraspungo
Cotopaxi;Pangua;Pinllopata
Cotopaxi;Pangua;Ramón Campaña
Cotopaxi;Pujilí;Angamarca
Cotopaxi;Pujilí;Guangaje
Cotopaxi;Pujilí;La Victoria - Pujilí
Cotopaxi;Pujilí;Pilaló
Cotopaxi;Pujilí;Pujilí
Cotopaxi;Pujilí;Tingo
Cotopaxi;Pujilí;Zumbahua
Cotopaxi;Salcedo;Antonio José Holguín
Cotopaxi;Salcedo;Cusubamba
Cotopaxi;Salcedo;Mulalillo
Cotopaxi;Salcedo;Mulliquindil
Cotopaxi;Salcedo;Pansaleo
Cotopaxi;Salcedo;San Miguel - Salcedo
Cotopaxi;Saquisilí;Canchagua
Cotopaxi;Saquisilí;Chantilín
Cotopaxi;Saquisilí;Cochapamba - Saquisilí
Cotopaxi;Saquisilí;Saquisilí
Cotopaxi;Sigchos;Chugchilán
Cotopaxi;Sigchos;Isinliví
Cotopaxi;Sigchos;Las Pampas
Cotopaxi;Sigchos;Palo Quemado
Cotopaxi;Sigchos;Sigchos
El Oro;Arenillas;Arenillas
El Oro;Arenillas;Carcabón
El Oro;Arenillas;Chacras
El Oro;Arenillas;Palmales
El Oro;Atahualpa;Ayapamba
El Oro;Atahualpa;Cordoncillo
El Oro;Atahualpa;Milagro
El Oro;Atahualpa;Paccha - Atahualpa
El Oro;Atahualpa;San José - Atahualpa
El Oro;Atahualpa;San Juan de Cerro Azul
El Oro;Balsas;Balsas
El Oro;Balsas;Bellamaría - Balsas
El Oro;Chilla;Chilla
El Oro;El Guabo;Barbones
El Oro;El Guabo;El Guabo
El Oro;El Guabo;La Iberia
El Oro;El Guabo;Río Bonito
El Oro;El Guabo;Tendales
El Oro;Huaquillas;Ecuador
El Oro;Huaquillas;El Paraíso
El Oro;Huaquillas;Hualtaco
El Oro;Huaquillas;Milton Reyes
El Oro;Huaquillas;Unión Lojana
El Oro;Las Lajas;El Paraíso - Las Lajas
El Oro;Las Lajas;La Libertad - Las Lajas
El Oro;Las Lajas;La Victoria - Las Lajas
El Oro;Las Lajas;Platanillos
El Oro;Las Lajas;San Isidro - Las Lajas
El Oro;Las Lajas;Valle Hermoso - Las Lajas
El Oro;Machala;El Cambio
El Oro;Machala;El Retiro
El Oro;Machala;La Providencia - Machala
El Oro;Machala;Machala
El Oro;Machala;Nueve de Mayo
El Oro;Machala;Puerto Bolívar - Machala
El Oro;Marcabelí;El Ingenio - Marcabelí
El Oro;Marcabelí;Marcabelí
El Oro;Pasaje;Bolívar - Pasaje
El Oro;Pasaje;Buena Vista - Pasaje
El Oro;Pasaje;Cañaquemada
El Oro;Pasaje;Casacay
El Oro;Pasaje;El Progreso - Pasaje
El Oro;Pasaje;La Peaña
El Oro;Pasaje;Loma de Franco
El Oro;Pasaje;Ochoa León
El Oro;Pasaje;Tres Cerritos
El Oro;Pasaje;Uzhcurrumi
El Oro;Piñas;Capiro
El Oro;Piñas;La Bocana
El Oro;Piñas;La Susaya
El Oro;Piñas;Moromoro
El Oro;Piñas;Piñas Grande
El Oro;Piñas;Piedras
El Oro;Piñas;San Roque - Piñas
El Oro;Piñas;Saracay
El Oro;Portovelo;Curtincapa
El Oro;Portovelo;Morales
El Oro;Portovelo;Portovelo
El Oro;Portovelo;Salatí
El Oro;Santa Rosa;Bellamaría - Santa Rosa
El Oro;Santa Rosa;Bellavista - Santa Rosa
El Oro;Santa Rosa;Jambelí - Santa Rosa
El Oro;Santa Rosa;Jumón
El Oro;Santa Rosa;La Avanzada
El Oro;Santa Rosa;Nuevo Santa Rosa
El Oro;Santa Rosa;Puerto Jelí
El Oro;Santa Rosa;San Antonio - Santa Rosa
El Oro;Santa Rosa;Santa Rosa - Santa Rosa
El Oro;Santa Rosa;Torata
El Oro;Santa Rosa;Victoria - Santa Rosa
El Oro;Zaruma;Abañín
El Oro;Zaruma;Arcapamba
El Oro;Zaruma;Guanazán
El Oro;Zaruma;Guizhaguiña
El Oro;Zaruma;Huertas
El Oro;Zaruma;Malvas
El Oro;Zaruma;Muluncay Grande
El Oro;Zaruma;Salvias
El Oro;Zaruma;Sinsao
El Oro;Zaruma;Zaruma
Loja;Macará;Eloy Alfaro - Macará
Manabí;Montecristi;Eloy Alfaro - Montecristi
Esmeraldas;Atacames;Atacames
Esmeraldas;Atacames;La Unión - Atacames
Esmeraldas;Atacames;Súa
Esmeraldas;Atacames;Tonchigüe
Esmeraldas;Atacames;Tonsupa
Esmeraldas;Eloy Alfaro;Anchayacu
Esmeraldas;Eloy Alfaro;Atahualpa - Eloy Alfaro
Esmeraldas;Eloy Alfaro;Borbón
Esmeraldas;Eloy Alfaro;Colón Eloy de María
Esmeraldas;Eloy Alfaro;La Tola
Esmeraldas;Eloy Alfaro;Luis Vargas Torres
Esmeraldas;Eloy Alfaro;Maldonado - Eloy Alfaro
Esmeraldas;Eloy Alfaro;Pampanal de Bolívar
Esmeraldas;Eloy Alfaro;San Francisco de Onzole
Esmeraldas;Eloy Alfaro;San José de Cayapas
Esmeraldas;Eloy Alfaro;Santo Domingo de los Tsáchilas de Onzole
Esmeraldas;Eloy Alfaro;Selva Alegre - Eloy Alfaro
Esmeraldas;Eloy Alfaro;Telembí
Esmeraldas;Eloy Alfaro;Timbiré
Esmeraldas;Eloy Alfaro;Valdez
Esmeraldas;Esmeraldas;5 de Agosto
Esmeraldas;Esmeraldas;Bartolomé Ruíz
Esmeraldas;Esmeraldas;Camarones
Esmeraldas;Esmeraldas;Chinca
Esmeraldas;Esmeraldas;Crnel. Carlos Concha Torres
Esmeraldas;Esmeraldas;Esmeraldas
Esmeraldas;Esmeraldas;Luis Tello
Esmeraldas;Esmeraldas;Majua
Esmeraldas;Esmeraldas;San Mateo - Esmeraldas
Esmeraldas;Esmeraldas;Simón Plata Torres
Esmeraldas;Esmeraldas;Tabiazo
Esmeraldas;Esmeraldas;Tachina
Esmeraldas;Esmeraldas;Vuelta Larga
Esmeraldas;Muisne;Bolívar - Muisne
Esmeraldas;Muisne;Daule - Muisne
Esmeraldas;Muisne;Galera
Esmeraldas;Muisne;Muisne
Esmeraldas;Muisne;Quingue
Esmeraldas;Muisne;Salima
Esmeraldas;Muisne;San Francisco - Muisne
Esmeraldas;Muisne;San Gregorio
Esmeraldas;Muisne;San José de Chamanga
Esmeraldas;Quinindé;Chura
Esmeraldas;Quinindé;Cube
Esmeraldas;Quinindé;La Unión - Quinindé
Esmeraldas;Quinindé;Malimpia
Esmeraldas;Quinindé;Rosa Zárate
Esmeraldas;Quinindé;Viche
Esmeraldas;Rioverde;Chontaduro
Esmeraldas;Rioverde;Chumundé
Esmeraldas;Rioverde;Lagarto
Esmeraldas;Rioverde;Montalvo - Rioverde
Esmeraldas;Rioverde;Montalvo - Rioverde
Esmeraldas;Rioverde;Rioverde
Esmeraldas;Rioverde;Rocafuerte - Rioverde
Esmeraldas;San Lorenzo;5 de Junio
Esmeraldas;San Lorenzo;Alto Tambo
Esmeraldas;San Lorenzo;Ancón - San Lorenzo
Esmeraldas;San Lorenzo;Calderón - San Lorenzo
Esmeraldas;San Lorenzo;Carondelet
Esmeraldas;San Lorenzo;Concepción - San Lorenzo
Esmeraldas;San Lorenzo;Concepción - San Lorenzo
Esmeraldas;San Lorenzo;Mataje
Esmeraldas;San Lorenzo;San Javier de Cachaví
Esmeraldas;San Lorenzo;San Lorenzo - San Lorenzo
Esmeraldas;San Lorenzo;Santa Rita - San Lorenzo
Esmeraldas;San Lorenzo;Tambillo - San Lorenzo
Esmeraldas;San Lorenzo;Tululbí
Esmeraldas;San Lorenzo;Urbina - San Lorenzo
Galápagos;Isabela;Puerto Villamil
Galápagos;Isabela;Tomás de Berlanga
Galápagos;San Cristóbal;El Progreso - San Cristóbal
Galápagos;San Cristóbal;Isla Floreana
Galápagos;San Cristóbal;Puerto Baquerizo Moreno
Galápagos;Santa Cruz;Bellavista - Santa Cruz
Galápagos;Santa Cruz;Puerto Ayora
Galápagos;Santa Cruz;Santa Rosa - Santa Cruz
Guayas;Alfredo Baquerizo Moreno (Juján);Alfredo Baquerizo Moreno (Juján)
Guayas;Antonio Elizalde;Antonio Elizalde
Guayas;Balao;Balao
Guayas;Balzar;Balzar
Guayas;Colimes;Colimes
Guayas;Colimes;San Jacinto - Colimes
Guayas;Daule;Banife
Guayas;Daule;Bautista Aguirre
Guayas;Daule;Bautista Aguirre
Guayas;Daule;Daule
Guayas;Daule;Emiliano Caicedo
Guayas;Daule;La Aurora
Guayas;Daule;Laurel
Guayas;Daule;Limonal
Guayas;Daule;Los Lojas
Guayas;Daule;Magro
Guayas;Daule;Santa Clara - Daule
Guayas;Daule;Vicente Piedrahita
Guayas;Durán;El Recreo
Guayas;Durán;Eloy Alfaro - Durán
Guayas;El Empalme;El Rosario - El Empalme
Guayas;El Empalme;Guayas
Guayas;El Empalme;Velasco Ibarra
Guayas;El Triunfo;El Triunfo - El Triunfo
Guayas;Guayaquil;Ayacucho - Guayaquil
Guayas;Guayaquil;Bolívar - Guayaquil
Guayas;Guayaquil;Carbo
Guayas;Guayaquil;Chongón
Guayas;Guayaquil;Febres Cordero - Guayaquil
Guayas;Guayaquil;Gómez Rendón
Guayas;Guayaquil;García Moreno - Guayaquil
Guayas;Guayaquil;Letamendi
Guayas;Guayaquil;Morro
Guayas;Guayaquil;Nueve de Octubre
Guayas;Guayaquil;Olmedo - Guayaquil
Guayas;Guayaquil;Pascuales
Guayas;Guayaquil;Posorja
Guayas;Guayaquil;Puná
Guayas;Guayaquil;Roca
Guayas;Guayaquil;Rocafuerte - Guayaquil
Guayas;Guayaquil;Sucre - Guayaquil
Guayas;Guayaquil;Tarqui - Guayaquil
Guayas;Guayaquil;Tenguel
Guayas;Guayaquil;Urdaneta - Guayaquil
Guayas;Guayaquil;Ximena
Guayas;Isidro Ayora;Isidro Ayora
Guayas;Lomas de Sargentillo;Lomas de Sargentillo
Guayas;Marcelino Maridueña;Marcelino Maridueña
Guayas;Milagro;Chirijos - Milagro
Guayas;Milagro;Chobo
Guayas;Milagro;Mariscal Sucre - Milagro
Guayas;Milagro;Milagro - Milagro
Guayas;Milagro;Roberto Astudillo
Guayas;Naranjal;Jesús María
Guayas;Naranjal;Naranjal
Guayas;Naranjal;San Carlos - Naranjal
Guayas;Naranjal;Santa Rosa de Flandes
Guayas;Naranjal;Taura
Guayas;Naranjito;Naranjito
Guayas;Nobol;Narcisa de Jesús
Guayas;Palestina;Palestina
Guayas;Pedro Carbo;Pedro Carbo
Guayas;Pedro Carbo;Sabanilla - Pedro Carbo
Guayas;Pedro Carbo;Valle de la Virgen
Guayas;Playas;General Villamil
Guayas;Salitre;Bocana - Salitre
Guayas;Salitre;Candilejos
Guayas;Salitre;Central
Guayas;Salitre;Junquillal
Guayas;Salitre;La Victoria - Salitre
Guayas;Salitre;Paraíso
Guayas;Salitre;San Mateo - Salitre
Guayas;Salitre;Vernaza
Guayas;Samborondón;La Puntilla
Guayas;Samborondón;Samborondón
Guayas;Samborondón;Tarifa
Guayas;Santa Lucía;Santa Lucía
Guayas;Simón Bolívar;Lorenzo de Garaicoa
Guayas;Simón Bolívar;Simón Bolívar - Simón Bolívar
Guayas;Yaguachi;Pedro Montero
Guayas;Yaguachi;San Jacinto de Yaguachi
Guayas;Yaguachi;Virgen de Fátima
Guayas;Yaguachi;Yaguachi Viejo
Imbabura;Antonio Ante;Andrade Marín (Lourdes)
Imbabura;Antonio Ante;Atuntaqui
Imbabura;Antonio Ante;Imbaya
Imbabura;Antonio Ante;Natabuela
Imbabura;Antonio Ante;San José de Chaltura
Imbabura;Antonio Ante;San Roque - Antonio Ante
Imbabura;Cotacachi;6 de Julio
Imbabura;Cotacachi;Apuela
Imbabura;Cotacachi;García Moreno - Cotacachi
Imbabura;Cotacachi;Imantag
Imbabura;Cotacachi;Peñaherrera
Imbabura;Cotacachi;Plaza Gutiérrez
Imbabura;Cotacachi;Quiroga - Cotacachi
Imbabura;Cotacachi;Sagrario - Cotacachi
Imbabura;Cotacachi;San Francisco - Cotacachi
Imbabura;Cotacachi;Vacas Galindo
Imbabura;Ibarra;Ambuquí
Imbabura;Ibarra;Angochagua
Imbabura;Ibarra;Caranqui
Imbabura;Ibarra;Carolina
Imbabura;Ibarra;Guayaquil de Alpachaca
Imbabura;Ibarra;La Dolorosa
Imbabura;Ibarra;La Esperanza - Ibarra
Imbabura;Ibarra;Lita
Imbabura;Ibarra;Sagrario - Ibarra
Imbabura;Ibarra;Salinas - Ibarra
Imbabura;Ibarra;San Antonio - Ibarra
Imbabura;Ibarra;San Francisco - Ibarra
Imbabura;Mira;Juan Montalvo - Mira
Imbabura;Otavalo;El Jordán
Imbabura;Otavalo;Eugenio Espejo
Imbabura;Otavalo;González Suárez - Otavalo
Imbabura;Otavalo;Miguel Egas
Imbabura;Otavalo;Pataquí
Imbabura;Otavalo;San José de Quichinche
Imbabura;Otavalo;San Juan de Ilumán
Imbabura;Otavalo;San Luis - Otavalo
Imbabura;Otavalo;San Pablo - Otavalo
Imbabura;Otavalo;San Rafael - Otavalo
Imbabura;Otavalo;Selva Alegre - Otavalo
Imbabura;Pimampiro;Chugá
Imbabura;Pimampiro;Mariano Acosta
Imbabura;Pimampiro;Pimampiro
Imbabura;Pimampiro;San Francisco de Sigsipamba
Imbabura;Urcuquí;Cahuasquí
Imbabura;Urcuquí;La Merced de Buenos Aires
Imbabura;Urcuquí;Pablo Arenas
Imbabura;Urcuquí;San Blas - Urcuquí
Imbabura;Urcuquí;Tumbabiro
Imbabura;Urcuquí;Urcuquí
Loja;Calvas;Cariamanga
Loja;Calvas;Chile - Loja
Loja;Calvas;Colaisaca
Loja;Calvas;El Lucero
Loja;Calvas;San Vicente - Calvas
Loja;Calvas;Sanguillín
Loja;Calvas;Utuana
Loja;Catamayo;Catamayo
Loja;Catamayo;El Tambo - Catamayo
Loja;Catamayo;Guayquichuma
Loja;Catamayo;San José - Catamayo
Loja;Catamayo;San Pedro de la Bendita
Loja;Catamayo;Zambi
Loja;Celica;Celica
Loja;Celica;Cruzpamba
Loja;Celica;Pózul
Loja;Celica;Sabanilla - Celica
Loja;Celica;Tnte. Maximiliano Rodríguez Loaiza
Loja;Chaguarpamba;Amarillos
Loja;Chaguarpamba;Buena Vista
Loja;Chaguarpamba;Chaguarpamba
Loja;Chaguarpamba;El Rosario - Chaguarpamba
Loja;Chaguarpamba;Santa Rufina
Loja;Espíndola;27 de Abril
Loja;Espíndola;Amaluza - Espíndola
Loja;Espíndola;Bellavista - Espíndola
Loja;Espíndola;El Airo
Loja;Espíndola;El Ingenio - Espíndola
Loja;Espíndola;Jimbura
Loja;Espíndola;Santa Teresita
Loja;Gonzanamá;Changaimina
Loja;Gonzanamá;Gonzanamá
Loja;Gonzanamá;Nambacola
Loja;Gonzanamá;Purunuma
Loja;Gonzanamá;Sacapalca
Loja;Loja;Chantaco
Loja;Loja;Chuquiribamba
Loja;Loja;El Cisne
Loja;Loja;El Sagrario - Loja
Loja;Loja;Gualel
Loja;Loja;Jimbilla
Loja;Loja;Malacatos
Loja;Loja;Quinara
Loja;Loja;San Lucas
Loja;Loja;San Pedro de Vilcabamba
Loja;Loja;San Sebastián - Loja
Loja;Loja;Santiago - Loja
Loja;Loja;Sucre - Loja
Loja;Loja;Taquil
Loja;Loja;Valle - Loja
Loja;Loja;Vilcabamba (Victoria)
Loja;Loja;Yangana
Loja;Macará;La Victoria - Macará
Loja;Macará;Larama
Loja;Macará;Macará
Loja;Macará;Sabiango
Loja;Olmedo - Loja;La Tingue
Loja;Olmedo - Loja;Olmedo - Olmedo, Loja
Loja;Paltas;Cangonamá
Loja;Paltas;Casanga
Loja;Paltas;Catacocha
Loja;Paltas;Guachanamá
Loja;Paltas;Lauro Guerrero
Loja;Paltas;Lourdes
Loja;Paltas;Orianga
Loja;Paltas;San Antonio - Paltas
Loja;Paltas;Yamana
Loja;Pindal;12 de Diciembre
Loja;Pindal;Chaquinal
Loja;Pindal;Pindal
Loja;Puyango;Alamor
Loja;Puyango;Ciano
Loja;Puyango;El Arenal
Loja;Puyango;El Limo
Loja;Puyango;Mercadillo
Loja;Puyango;Vicentino
Loja;Quilanga;Fundochamba
Loja;Quilanga;Quilanga
Loja;Quilanga;San Antonio de las Aradas
Loja;Saraguro;Celen
Loja;Saraguro;Lluzhapa
Loja;Saraguro;Manú
Loja;Saraguro;San Antonio de Quimbe
Loja;Saraguro;San Pablo de Tenta
Loja;Saraguro;San Sebastián de Yúluc
Loja;Saraguro;Saraguro
Loja;Saraguro;Selva Alegre - Saraguro
Loja;Saraguro;Sumaypamba
Loja;Saraguro;Tablón
Loja;Saraguro;Urdaneta - Saraguro
Loja;Sozoranga;Nueva Fátima
Loja;Sozoranga;Sozoranga
Loja;Sozoranga;Tacamoros
Loja;Zapotillo;Bolaspamba
Loja;Zapotillo;Cazaderos
Loja;Zapotillo;Garzareal
Loja;Zapotillo;Limones
Loja;Zapotillo;Paletillas
Loja;Zapotillo;Zapotillo
Los Ríos;Baba;Baba
Los Ríos;Baba;Bejucal
Los Ríos;Baba;Guare
Los Ríos;Babahoyo;Barreiro
Los Ríos;Babahoyo;Caracol
Los Ríos;Babahoyo;Clemente Baquerizo
Los Ríos;Babahoyo;Dr. Camilo Ponce
Los Ríos;Babahoyo;El Salto
Los Ríos;Babahoyo;Febres Cordero - Babahoyo
Los Ríos;Babahoyo;La Unión - Babahoyo
Los Ríos;Babahoyo;Pimocha
Los Ríos;Buena Fe;11 de Octubre
Los Ríos;Buena Fe;7 de Agosto
Los Ríos;Buena Fe;Patricia Pilar
Los Ríos;Buena Fe;San Jacinto de Buena Fe
Los Ríos;Mocache;Mocache
Los Ríos;Montalvo;Montalvo - Montalvo
Los Ríos;Montalvo;Montalvo - Montalvo
Los Ríos;Palenque;Palenque
Los Ríos;Puebloviejo;Puebloviejo
Los Ríos;Quevedo;24 de Mayo
Los Ríos;Quevedo;Guayacán
Los Ríos;Quevedo;La Esperanza - Quevedo
Los Ríos;Quevedo;Nicolás Infante Díaz
Los Ríos;Quevedo;Quevedo
Los Ríos;Quevedo;San Camilo
Los Ríos;Quevedo;San Carlos - Quevedo
Los Ríos;Quevedo;San Cristóbal - Quevedo
Los Ríos;Quevedo;Siete de Octubre
Los Ríos;Quevedo;Venus del Río Quevedo
Los Ríos;Quevedo;Viva Alfaro
Los Ríos;Quinsaloma;Quinsaloma
Los Ríos;Puebloviejo;Puerto Pechiche
Los Ríos;Puebloviejo;San Juan de Puebloviejo
Los Ríos;Urdaneta;Catarama
Los Ríos;Urdaneta;Ricaurte - Urdaneta
Los Ríos;Valencia;Valencia
Los Ríos;Ventanas;Ventanas
Los Ríos;Ventanas;Zapotal
Los Ríos;Vinces;Antonio Sotomayor
Los Ríos;Vinces;Vinces
Manabí;24 de Mayo;Arq. Sixto Durán Ballén
Manabí;24 de Mayo;Bellavista - 24 de Mayo
Manabí;24 de Mayo;Noboa
Manabí;24 de Mayo;Sucre - 24 de Mayo
Manabí;Bolívar - Manabí;Calceta
Manabí;Bolívar - Manabí;Membrillo
Manabí;Bolívar - Manabí;Quiroga - Bolívar
Manabí;Chone;Boyacá
Manabí;Chone;Canuto
Manabí;Chone;Chibunga
Manabí;Chone;Chone
Manabí;Chone;Convento
Manabí;Chone;Eloy Alfaro - Chone
Manabí;Chone;Ricaurte - Chone
Manabí;Chone;San Antonio - Chone
Manabí;Chone;Santa Rita - Chone
Manabí;El Carmen;4 de Diciembre
Manabí;El Carmen;El Carmen - El Carmen
Manabí;El Carmen;El Maicito
Manabí;El Carmen;San Pedro de Suma
Manabí;Flavio Alfaro;Flavio Alfaro
Manabí;Flavio Alfaro;San Francisco de Novillo
Manabí;Flavio Alfaro;Zapallo
Manabí;Jama;Jama
Manabí;Jaramijó;Jaramijó
Manabí;Jipijapa;América
Manabí;Jipijapa;Dr. Miguel Morán Lucio
Manabí;Jipijapa;El Anegado
Manabí;Jipijapa;Julcuy
Manabí;Jipijapa;La Unión - Jipijapa
Manabí;Jipijapa;Manuel Inocencio Parrales y Guale
Manabí;Jipijapa;Membrillal
Manabí;Jipijapa;Pedro Pablo Gómez
Manabí;Jipijapa;Puerto Cayo
Manabí;Jipijapa;San Lorenzo de Jipijapa
Manabí;Junín;Junín
Manabí;Manta;Eloy Alfaro - Manta
Manabí;Manta;Los Esteros
Manabí;Manta;Manta
Manabí;Manta;San Lorenzo - Manta
Manabí;Manta;San Mateo - Manta
Manabí;Manta;Santa Marianita - Manta
Manabí;Manta;Tarqui - Manta
Manabí;Montecristi;Aníbal San Andrés
Manabí;Montecristi;El Colorado
Manabí;Montecristi;La Pila
Manabí;Montecristi;Leonidas Proaño
Manabí;Montecristi;Montecristi
Manabí;Olmedo - Manabí;Olmedo - Olmedo, Manabí
Manabí;Paján;Campozano
Manabí;Paján;Cascol
Manabí;Paján;Guale
Manabí;Paján;Lascano
Manabí;Paján;Paján
Manabí;Pedernales;10 de Agosto - Pedernales
Manabí;Pedernales;Atahualpa - Pedernales
Manabí;Pedernales;Cojimíes
Manabí;Pedernales;Pedernales
Manabí;Pichincha;Barraganete
Manabí;Pichincha;Pichincha
Manabí;Pichincha;San Sebastián - Pichincha
Manabí;Portoviejo;12 de Marzo
Manabí;Portoviejo;18 de Octubre
Manabí;Portoviejo;Abdón Calderón - Portoviejo
Manabí;Portoviejo;Alhajuela
Manabí;Portoviejo;Andrés de Vera
Manabí;Portoviejo;Chirijos - Portoviejo
Manabí;Portoviejo;Colón
Manabí;Portoviejo;Crucita
Manabí;Portoviejo;Francisco Pacheco
Manabí;Portoviejo;Picoazá
Manabí;Portoviejo;Portoviejo
Manabí;Portoviejo;Pueblo Nuevo
Manabí;Portoviejo;Riochico
Manabí;Portoviejo;San Pablo - Portoviejo
Manabí;Portoviejo;San Plácido
Manabí;Portoviejo;Simón Bolívar - Portoviejo
Manabí;Puerto López;Machalilla
Manabí;Puerto López;Puerto López
Manabí;Puerto López;Salango
Manabí;Rocafuerte;Rocafuerte - Rocafuerte
Manabí;San Vicente;Canoa
Manabí;San Vicente;San Vicente - San Vicente
Manabí;Santa Ana;Ayacucho - Santa Ana
Manabí;Santa Ana;Honorato Vásquez - Santa Ana
Manabí;Santa Ana;La Unión - Santa Ana
Manabí;Santa Ana;Lodana
Manabí;Santa Ana;San Pablo de Pueblo Nuevo
Manabí;Santa Ana;Santa Ana - Santa Ana
Manabí;Sucre;Bahía de Caráquez
Manabí;Sucre;Charapotó
Manabí;Sucre;Leonidas Plaza
Manabí;Sucre;San Isidro - Sucre
Manabí;Tosagua;Ángel Pedro Giler
Manabí;Tosagua;Bachillero
Manabí;Tosagua;Tosagua
Morona Santiago;Gualaquiza;Amazonas
Morona Santiago;Gualaquiza;Bermejos
Morona Santiago;Gualaquiza;Bomboiza
Morona Santiago;Gualaquiza;Chigüinda
Morona Santiago;Gualaquiza;El Ideal
Morona Santiago;Gualaquiza;El Rosario - Gualaquiza
Morona Santiago;Gualaquiza;Gualaquiza
Morona Santiago;Gualaquiza;Mercedes Molina
Morona Santiago;Gualaquiza;Nueva Tarqui
Morona Santiago;Gualaquiza;San Miguel de Cuyes
Morona Santiago;Huamboya;Chiguaza
Morona Santiago;Huamboya;Huamboya
Morona Santiago;Limón Indanza;General Plaza
Morona Santiago;Limón Indanza;Indanza
Morona Santiago;Limón Indanza;San Antonio - Limón Indanza
Morona Santiago;Limón Indanza;San Miguel de Conchay
Morona Santiago;Limón Indanza;Santa Susana de Chiviaza
Morona Santiago;Limón Indanza;Yunganza
Morona Santiago;Logroño;Logroño
Morona Santiago;Logroño;Shimpis
Morona Santiago;Logroño;Yaupi
Morona Santiago;Morona;Alshi
Morona Santiago;Morona;Cuchaentza
Morona Santiago;Morona;General Proaño
Morona Santiago;Morona;Macas
Morona Santiago;Morona;Río Blanco
Morona Santiago;Morona;San Isidro - Morona
Morona Santiago;Morona;Sevilla Don Bosco
Morona Santiago;Morona;Sinaí
Morona Santiago;Morona;Zúñac
Morona Santiago;Pablo Sexto;Pablo Sexto
Morona Santiago;Palora;16 de Agosto
Morona Santiago;Palora;Arapicos
Morona Santiago;Palora;Cumandá - Palora
Morona Santiago;Palora;Palora
Morona Santiago;Palora;Sangay
Morona Santiago;San Juan Bosco;Pan de Azúcar
Morona Santiago;San Juan Bosco;San Carlos de Limón
Morona Santiago;San Juan Bosco;San Jacinto de Wakambeis
Morona Santiago;San Juan Bosco;San Juan Bosco
Morona Santiago;San Juan Bosco;Santiago de Pananza
Morona Santiago;Santiago;Chupianza
Morona Santiago;Santiago;Copal
Morona Santiago;Santiago;Patuca
Morona Santiago;Santiago;San Francisco de Chinimbimi
Morona Santiago;Santiago;San Luis de El Acho
Morona Santiago;Santiago;Santiago de Méndez
Morona Santiago;Santiago;Tayuza
Morona Santiago;Sucúa;Asunción - Sucúa
Morona Santiago;Sucúa;Huambi
Morona Santiago;Sucúa;Santa Marianita de Jesús
Morona Santiago;Sucúa;Sucúa
Morona Santiago;Taisha;Huasaga
Morona Santiago;Taisha;Macuma
Morona Santiago;Taisha;Pumpuentsa
Morona Santiago;Taisha;Taisha
Morona Santiago;Taisha;Tuutinentza
Morona Santiago;Tiwintza;San José de Morona
Morona Santiago;Tiwintza;Tiwintza
Napo;Archidona;Archidona
Napo;Archidona;Cotundo
Napo;Archidona;San Pablo de Ushpayacu
Napo;Carlos Julio Arosemena Tola;Carlos Julio Arosemena Tola
Napo;El Chaco;Díaz de Pineda
Napo;El Chaco;El Chaco
Napo;El Chaco;Linares
Napo;El Chaco;Oyacachi
Napo;El Chaco;Santa Rosa - El Chaco
Napo;El Chaco;Sardinas
Napo;Quijos;Baeza
Napo;Quijos;Cosanga
Napo;Quijos;Cuyuja
Napo;Quijos;Papallacta
Napo;Quijos;San Francisco de Borja
Napo;Quijos;Sumaco
Napo;Tena;Ahuano
Napo;Tena;Chontapunta
Napo;Tena;Pano
Napo;Tena;Puerto Misahuallí
Napo;Tena;Puerto Napo
Napo;Tena;Tálag
Napo;Tena;Tena
Orellana;Aguarico;Augusto Rivadeneira
Orellana;Aguarico;Cononaco
Orellana;Aguarico;Nuevo Rocafuerte
Orellana;Aguarico;Santa María de Huiririma
Orellana;Aguarico;Tiputini
Orellana;Aguarico;Yasuní
Orellana;La Joya de los Sachas;Enokanqui
Orellana;La Joya de los Sachas;La Joya de los Sachas
Orellana;La Joya de los Sachas;Lago San Pedro
Orellana;La Joya de los Sachas;Pompeya
Orellana;La Joya de los Sachas;Rumipamba - La Joya de los Sachas
Orellana;La Joya de los Sachas;San Carlos - La Joya de los Sachas
Orellana;La Joya de los Sachas;San Sebastián del Coca
Orellana;La Joya de los Sachas;Tres de Noviembre
Orellana;La Joya de los Sachas;Unión Milagreña
Orellana;Loreto;Ávila
Orellana;Loreto;Loreto
Orellana;Loreto;Puerto Murialdo
Orellana;Loreto;San José de Dahuano
Orellana;Loreto;San José de Payamino
Orellana;Loreto;San Vicente de Huaticocha
Orellana;Orellana;Alejandro Labaca
Orellana;Orellana;Dayuma
Orellana;Orellana;El Dorado - Orellana
Orellana;Orellana;El Edén
Orellana;Orellana;García Moreno - Orellana
Orellana;Orellana;Inés Arango
Orellana;Orellana;La Belleza
Orellana;Orellana;Nuevo Paraíso - Orellana
Orellana;Orellana;Puerto Francisco de Orellana (El Coca)
Orellana;Orellana;San José de Guayusa
Orellana;Orellana;San Luis de Armenia
Orellana;Orellana;Taracoa
Pastaza;Arajuno;Arajuno
Pastaza;Arajuno;Curaray
Pastaza;Mera;Madre Tierra
Pastaza;Mera;Mera
Pastaza;Mera;Shell
Pastaza;Pastaza;10 de Agosto - Pastaza
Pastaza;Pastaza;Canelos
Pastaza;Pastaza;El Triunfo - Pastaza
Pastaza;Pastaza;Fátima
Pastaza;Pastaza;Montalvo - Pastaza
Pastaza;Pastaza;Montalvo - Pastaza
Pastaza;Pastaza;Pomona
Pastaza;Pastaza;Puyo
Pastaza;Pastaza;Río Corrientes
Pastaza;Pastaza;Río Tigre
Pastaza;Pastaza;Sarayacu
Pastaza;Pastaza;Simón Bolívar - Pastaza
Pastaza;Pastaza;Tarqui - Pastaza
Pastaza;Pastaza;Teniente Hugo Ortíz
Pastaza;Pastaza;Veracruz
Pastaza;Santa Clara;San José - Santa Clara
Pastaza;Santa Clara;Santa Clara - Santa Clara
Pichincha;Cayambe;Ascázubi
Pichincha;Cayambe;Ayora
Pichincha;Cayambe;Cangahua
Pichincha;Cayambe;Cayambe
Pichincha;Cayambe;Juan Montalvo - Cayambe
Pichincha;Cayambe;Olmedo - Cayambe
Pichincha;Cayambe;Otón
Pichincha;Cayambe;Santa Rosa de Cuzubamba
Pichincha;Mejía;Alóag
Pichincha;Mejía;Aloasí
Pichincha;Mejía;Cutuglahua
Pichincha;Mejía;El Chaupi
Pichincha;Mejía;Machachi
Pichincha;Mejía;Manuel Cornejo Astorga
Pichincha;Mejía;Tambillo - Mejía
Pichincha;Mejía;Uyumbicho
Pichincha;Pedro Moncayo;La Esperanza - Pedro Moncayo
Pichincha;Pedro Moncayo;Malchinguí
Pichincha;Pedro Moncayo;Tabacundo
Pichincha;Pedro Moncayo;Tocachi
Pichincha;Pedro Moncayo;Tupigachi
Pichincha;Pedro Vicente Maldonado;Pedro Vicente Maldonado
Pichincha;Puerto Quito;Puerto Quito
Pichincha;Quito;Alangasí
Pichincha;Quito;Amaguaña
Pichincha;Quito;Atahualpa - Quito
Pichincha;Quito;Belisario Quevedo
Pichincha;Quito;Calacalí
Pichincha;Quito;Calderón - Quito
Pichincha;Quito;Carcelén
Pichincha;Quito;Centro Histórico
Pichincha;Quito;Chavezpamba
Pichincha;Quito;Checa - Quito
Pichincha;Quito;Chilibulo
Pichincha;Quito;Chillogallo
Pichincha;Quito;Chimbacalle
Pichincha;Quito;Cochapamba
Pichincha;Quito;Comité del Pueblo
Pichincha;Quito;Conocoto
Pichincha;Quito;Cotocollao
Pichincha;Quito;Cumbayá
Pichincha;Quito;El Condado
Pichincha;Quito;El Quinche
Pichincha;Quito;Gualea
Pichincha;Quito;Guamaní
Pichincha;Quito;Guangopolo
Pichincha;Quito;Guayllabamba
Pichincha;Quito;Iñaquito
Pichincha;Quito;Itchimbía
Pichincha;Quito;Jipijapa
Pichincha;Quito;Kennedy
Pichincha;Quito;La Argelia
Pichincha;Quito;La Concepción - Quito
Pichincha;Quito;La Ecuatoriana
Pichincha;Quito;La Ferroviaria
Pichincha;Quito;La Libertad - Quito
Pichincha;Quito;La Magdalena
Pichincha;Quito;La Mena
Pichincha;Quito;La Merced - Quito
Pichincha;Quito;Llano Chico
Pichincha;Quito;Lloa
Pichincha;Quito;Mariscal Sucre - Quito
Pichincha;Quito;Nanegal
Pichincha;Quito;Nanegalito
Pichincha;Quito;Nayón
Pichincha;Quito;Nono
Pichincha;Quito;Pacto
Pichincha;Quito;Píntag
Pichincha;Quito;Perucho
Pichincha;Quito;Pifo
Pichincha;Quito;Pomasqui
Pichincha;Quito;Ponceano
Pichincha;Quito;Puéllaro
Pichincha;Quito;Puembo
Pichincha;Quito;Puengasí
Pichincha;Quito;Quitumbe
Pichincha;Quito;Rumipamba
Pichincha;Quito;San Antonio - Quito
Pichincha;Quito;San Bartolo
Pichincha;Quito;San Isidro de El Inca
Pichincha;Quito;San José de Minas
Pichincha;Quito;San Juan - Quito
Pichincha;Quito;Solanda
Pichincha;Quito;Tababela
Pichincha;Quito;Tumbaco
Pichincha;Quito;Turubamba
Pichincha;Quito;Yaruquí
Pichincha;Quito;Zámbiza
Pichincha;Rumiñahui;Cotogchoa
Pichincha;Rumiñahui;Rumipamba - Rumiñahui
Pichincha;Rumiñahui;San Pedro de Taboada
Pichincha;Rumiñahui;San Rafael - Rumiñahui
Pichincha;Rumiñahui;Sangolquí
Pichincha;San Miguel de los Bancos;Mindo
Pichincha;San Miguel de los Bancos;San Miguel de los Bancos
Tungurahua;Píllaro;Poaló - Píllaro
Santa Elena;La Libertad;La Libertad - La Libertad
Santa Elena;Salinas;Anconcito
Santa Elena;Salinas;Carlos Espinoza Larrea
Santa Elena;Salinas;Enríquez Gallo
Santa Elena;Salinas;José Luis Tamayo
Santa Elena;Salinas;Santa Rosa - Salinas
Santa Elena;Salinas;Vicente Rocafuerte
Santa Elena;Santa Elena;Atahualpa - Santa Elena
Santa Elena;Santa Elena;Ballenita
Santa Elena;Santa Elena;Chanduy
Santa Elena;Santa Elena;Colonche
Santa Elena;Santa Elena;Manglaralto
Santa Elena;Santa Elena;San José de Ancón
Santa Elena;Santa Elena;Santa Elena - Santa Elena
Santa Elena;Santa Elena;Simón Bolívar - Santa Elena
Santo Domingo de los Tsáchilas;La Concordia;La Concordia
Santo Domingo de los Tsáchilas;La Concordia;Las Villegas
Santo Domingo de los Tsáchilas;La Concordia;Monterrey
Santo Domingo de los Tsáchilas;La Concordia;Plan Piloto
Santo Domingo de los Tsáchilas;Santo Domingo de los Tsáchilas;Abraham Calazacón
Santo Domingo de los Tsáchilas;Santo Domingo de los Tsáchilas;Alluriquín
Santo Domingo de los Tsáchilas;Santo Domingo de los Tsáchilas;Bombolí
Santo Domingo de los Tsáchilas;Santo Domingo de los Tsáchilas;Chiguilpe
Santo Domingo de los Tsáchilas;Santo Domingo de los Tsáchilas;El Esfuerzo
Santo Domingo de los Tsáchilas;Santo Domingo de los Tsáchilas;Luz de América
Santo Domingo de los Tsáchilas;Santo Domingo de los Tsáchilas;Puerto Limón
Santo Domingo de los Tsáchilas;Santo Domingo de los Tsáchilas;Río Toachi
Santo Domingo de los Tsáchilas;Santo Domingo de los Tsáchilas;Río Verde - Santo Domingo de los Tsáchilas
Santo Domingo de los Tsáchilas;Santo Domingo de los Tsáchilas;San Jacinto del Búa
Santo Domingo de los Tsáchilas;Santo Domingo de los Tsáchilas;Santa María del Toachi
Santo Domingo de los Tsáchilas;Santo Domingo de los Tsáchilas;Santo Domingo de los Tsáchilas de los Colorados
Santo Domingo de los Tsáchilas;Santo Domingo de los Tsáchilas;Valle Hermoso - Santo Domingo de los Tsáchilas
Santo Domingo de los Tsáchilas;Santo Domingo de los Tsáchilas;Zaracay
Sucumbíos;Cascales;El Dorado - Cascales
Sucumbíos;Cascales;Santa Rosa de Sucumbíos
Sucumbíos;Cascales;Sevilla - Cascales
Sucumbíos;Cuyabeno;Aguas Negras
Sucumbíos;Cuyabeno;Cuyabeno
Sucumbíos;Cuyabeno;Tarapoa
Sucumbíos;Gonzalo Pizarro;El Reventador
Sucumbíos;Gonzalo Pizarro;Gonzalo Pizarro
Sucumbíos;Gonzalo Pizarro;Lumbaquí
Sucumbíos;Gonzalo Pizarro;Puerto Libre
Sucumbíos;Lago Agrio;Dureno
Sucumbíos;Lago Agrio;El Eno
Sucumbíos;Lago Agrio;General Farfán
Sucumbíos;Lago Agrio;Jambelí - Lago Agrio
Sucumbíos;Lago Agrio;Nueva Loja
Sucumbíos;Lago Agrio;Pacayacu
Sucumbíos;Lago Agrio;Santa Cecilia
Sucumbíos;Putumayo;Palma Roja
Sucumbíos;Putumayo;Puerto Bolívar - Putumayo
Sucumbíos;Putumayo;Puerto El Carmen de Putumayo
Sucumbíos;Putumayo;Puerto Rodríguez
Sucumbíos;Putumayo;Santa Elena - Putumayo
Sucumbíos;Shushufindi;Limoncocha
Sucumbíos;Shushufindi;Pañacocha
Sucumbíos;Shushufindi;San Pedro de los Cofanes
Sucumbíos;Shushufindi;San Roque - Shushufindi
Sucumbíos;Shushufindi;Shushufindi
Sucumbíos;Shushufindi;Siete de Julio
Sucumbíos;Sucumbíos;El Playón de San Francisco
Sucumbíos;Sucumbíos;La Bonita
Sucumbíos;Sucumbíos;La Sofía
Sucumbíos;Sucumbíos;Rosa Florida
Sucumbíos;Sucumbíos;Santa Bárbara
Tungurahua;Ambato;Ambatillo
Tungurahua;Ambato;Atahualpa - Ambato
Tungurahua;Ambato;Atocha
Tungurahua;Ambato;Augusto N. Martínez (Mundugleo)
Tungurahua;Ambato;Celiano Monge
Tungurahua;Ambato;Constantino Fernández
Tungurahua;Ambato;Cunchibamba
Tungurahua;Ambato;Huachi Chico
Tungurahua;Ambato;Huachi Grande
Tungurahua;Ambato;Huachi Loreto
Tungurahua;Ambato;Izamba
Tungurahua;Ambato;Juan Benigno Vela
Tungurahua;Ambato;La Matríz - Ambato
Tungurahua;Ambato;La Merced - Ambato
Tungurahua;Ambato;La Península
Tungurahua;Ambato;Matriz - Ambato
Tungurahua;Ambato;Montalvo - Ambato
Tungurahua;Ambato;Montalvo - Ambato
Tungurahua;Ambato;Pasa
Tungurahua;Ambato;Picaigua
Tungurahua;Ambato;Pilahuín
Tungurahua;Ambato;Pishilata
Tungurahua;Ambato;Quisapincha
Tungurahua;Ambato;San Bartolomé de Pinllo
Tungurahua;Ambato;San Fernando - Ambato
Tungurahua;Ambato;San Francisco - Ambato
Tungurahua;Ambato;Santa Rosa - Ambato
Tungurahua;Ambato;Totoras
Tungurahua;Ambato;Unamuncho
Tungurahua;Baños de Agua Santa;Baños de Agua Santa
Tungurahua;Baños de Agua Santa;Lligua
Tungurahua;Baños de Agua Santa;Río Negro
Tungurahua;Baños de Agua Santa;Río Verde - Baños de Agua Santa
Tungurahua;Baños de Agua Santa;Ulba
Tungurahua;Cevallos;Cevallos
Tungurahua;Mocha;Mocha
Tungurahua;Mocha;Pinguilí
Tungurahua;Píllaro;Baquerizo Moreno
Tungurahua;Píllaro;Ciudad Nueva
Tungurahua;Píllaro;Emilio María Terán
Tungurahua;Píllaro;Marcos Espinel
Tungurahua;Píllaro;Píllaro
Tungurahua;Píllaro;Presidente Urbina
Tungurahua;Píllaro;San Andrés - Píllaro
Tungurahua;Píllaro;San José de Poaló
Tungurahua;Píllaro;San Miguelito
Tungurahua;Patate;El Triunfo - Patate
Tungurahua;Patate;Los Andes - Patate
Tungurahua;Patate;Patate
Tungurahua;Patate;Sucre - Patate
Tungurahua;Pelileo;Benítez (Pachanlica)
Tungurahua;Pelileo;Bolívar - Pelileo
Tungurahua;Pelileo;Chiquicha
Tungurahua;Pelileo;Cotaló
Tungurahua;Pelileo;El Rosario - Pelileo
Tungurahua;Pelileo;García Moreno - Pelileo
Tungurahua;Pelileo;Guambaló
Tungurahua;Pelileo;Pelileo
Tungurahua;Pelileo;Pelileo Grande
Tungurahua;Pelileo;Salasaca
Tungurahua;Quero;Quero
Tungurahua;Quero;Rumipamba - Quero
Tungurahua;Quero;Yanayacu
Tungurahua;Tisaleo;Quinchicoto
Tungurahua;Tisaleo;Tisaleo
Zamora Chinchipe;Centinela del Cóndor;Zumbi
Zamora Chinchipe;Chinchipe;Chito
Zamora Chinchipe;Chinchipe;El Chorro
Zamora Chinchipe;Chinchipe;La Chonta
Zamora Chinchipe;Chinchipe;Pucapamba
Zamora Chinchipe;Chinchipe;San Andrés - Chinchipe
Zamora Chinchipe;Chinchipe;Zumba
Zamora Chinchipe;El Pangui;El Guisme
Zamora Chinchipe;El Pangui;El Pangui
Zamora Chinchipe;El Pangui;Pachicutza
Zamora Chinchipe;El Pangui;Tundayme
Zamora Chinchipe;Nangaritza;Guayzimi
Zamora Chinchipe;Nangaritza;Nuevo Paraíso - Nangaritza
Zamora Chinchipe;Nangaritza;Zurmi
Zamora Chinchipe;Palanda;El Porvenir
Zamora Chinchipe;Palanda;La Canela
Zamora Chinchipe;Palanda;Palanda
Zamora Chinchipe;Palanda;San Francisco del Vergel
Zamora Chinchipe;Palanda;Valladolid
Zamora Chinchipe;Paquisha;Bellavista - Paquisha
Zamora Chinchipe;Paquisha;Nuevo Quito
Zamora Chinchipe;Paquisha;Paquisha
Zamora Chinchipe;Yacuambí;28 de Mayo (San José de Yacuambi)
Zamora Chinchipe;Yacuambí;La Paz - Yacuambí
Zamora Chinchipe;Yacuambí;Tutupali
Zamora Chinchipe;Yantzaza;Chicaña
Zamora Chinchipe;Yantzaza;Los Encuentros
Zamora Chinchipe;Yantzaza;Yantzaza
Zamora Chinchipe;Zamora;Cumbaratza
Zamora Chinchipe;Zamora;El Limón
Zamora Chinchipe;Zamora;Guadalupe
Zamora Chinchipe;Zamora;Imbana
Zamora Chinchipe;Zamora;Sabanilla - Zamora
Zamora Chinchipe;Zamora;San Carlos de las Minas
Zamora Chinchipe;Zamora;Timbara
Zamora Chinchipe;Zamora;Zamora
